forecast_row_id,season,round,race_name,circuit_id,circuit_name,driver_id,driver_code,driver_name,current_grid,current_quali_position,current_best_quali_sec,current_best_quali_delta_sec,current_grid_started_from_pit,current_sprint_quali_position,current_sprint_quali_delta_sec,current_sprint_pole,current_sprint_finish_position,current_sprint_grid_to_finish_delta,current_sprint_dnf_flag,current_sprint_fastest_lap_delta_sec,current_sprint_quali_available,current_sprint_result_available,estimate_source,has_prerace_override,has_explicit_grid_override,has_explicit_quali_override,has_grid_penalty_override,grid_penalty_places,grid_penalty_back_of_grid,circuit_source_starts,profile_source_starts,family_source_starts,recent_source_starts
20,2026,11,Hungarian Grand Prix,hungaroring,Hungaroring,russell,RUS,George Russell,1,1,NA,0.6189847089868956,NA,NA,NA,NA,NA,NA,NA,NA,0,0,qualifying_model,FALSE,FALSE,FALSE,FALSE,0,0,7,12,334,162
3,2026,11,Hungarian Grand Prix,hungaroring,Hungaroring,antonelli,ANT,Andrea Kimi Antonelli,2,2,NA,0.7482464624221389,NA,NA,NA,NA,NA,NA,NA,NA,0,0,qualifying_model,FALSE,FALSE,FALSE,FALSE,0,0,1,2,66,34
14,2026,11,Hungarian Grand Prix,hungaroring,Hungaroring,leclerc,LEC,Charles Leclerc,3,3,NA,0.8225546540093135,NA,NA,NA,NA,NA,NA,NA,NA,0,0,qualifying_model,FALSE,FALSE,FALSE,FALSE,0,0,8,13,376,183
11,2026,11,Hungarian Grand Prix,hungaroring,Hungaroring,hamilton,HAM,Lewis Hamilton,4,4,NA,0.7528927778016457,NA,NA,NA,NA,NA,NA,NA,NA,0,0,qualifying_model,FALSE,FALSE,FALSE,FALSE,0,0,8,13,374,182
19,2026,11,Hungarian Grand Prix,hungaroring,Hungaroring,piastri,PIA,Oscar Piastri,5,5,NA,0.9051030368931183,NA,NA,NA,NA,NA,NA,NA,NA,0,0,qualifying_model,FALSE,FALSE,FALSE,FALSE,0,0,3,6,157,80
16,2026,11,Hungarian Grand Prix,hungaroring,Hungaroring,norris,NOR,Lando Norris,6,6,NA,0.8970533846549813,NA,NA,NA,NA,NA,NA,NA,NA,0,0,qualifying_model,FALSE,FALSE,FALSE,FALSE,0,0,7,12,334,162
15,2026,11,Hungarian Grand Prix,hungaroring,Hungaroring,max_verstappen,VER,Max Verstappen,7,7,NA,0.8904349990861559,NA,NA,NA,NA,NA,NA,NA,NA,0,0,qualifying_model,FALSE,FALSE,FALSE,FALSE,0,0,8,13,376,183
10,2026,11,Hungarian Grand Prix,hungaroring,Hungaroring,hadjar,HAD,Isack Hadjar,8,8,NA,1.157780662444446,NA,NA,NA,NA,NA,NA,NA,NA,0,0,qualifying_model,FALSE,FALSE,FALSE,FALSE,0,0,1,2,66,34
13,2026,11,Hungarian Grand Prix,hungaroring,Hungaroring,lawson,LAW,Liam Lawson,9,9,NA,1.455697639640167,NA,NA,NA,NA,NA,NA,NA,NA,0,0,qualifying_model,FALSE,FALSE,FALSE,FALSE,0,0,1,3,92,45
9,2026,11,Hungarian Grand Prix,hungaroring,Hungaroring,gasly,GAS,Pierre Gasly,10,10,NA,1.437794963073907,NA,NA,NA,NA,NA,NA,NA,NA,0,0,qualifying_model,FALSE,FALSE,FALSE,FALSE,0,0,8,13,376,183
4,2026,11,Hungarian Grand Prix,hungaroring,Hungaroring,arvid_lindblad,LIN,Arvid Lindblad,11,11,NA,1.519367224550576,NA,NA,NA,NA,NA,NA,NA,NA,0,0,qualifying_model,FALSE,FALSE,FALSE,FALSE,0,0,NA,NA,18,10
12,2026,11,Hungarian Grand Prix,hungaroring,Hungaroring,hulkenberg,HUL,Nico Hülkenberg,12,12,NA,1.5968435004868624,NA,NA,NA,NA,NA,NA,NA,NA,0,0,qualifying_model,FALSE,FALSE,FALSE,FALSE,0,0,5,8,253,127
8,2026,11,Hungarian Grand Prix,hungaroring,Hungaroring,colapinto,COL,Franco Colapinto,13,13,NA,1.9797866250911595,NA,NA,NA,NA,NA,NA,NA,NA,0,0,qualifying_model,FALSE,FALSE,FALSE,FALSE,0,0,1,2,72,37
5,2026,11,Hungarian Grand Prix,hungaroring,Hungaroring,bearman,BEA,Oliver Bearman,14,14,NA,1.7227851115531525,NA,NA,NA,NA,NA,NA,NA,NA,0,0,qualifying_model,FALSE,FALSE,FALSE,FALSE,0,0,1,2,70,37
6,2026,11,Hungarian Grand Prix,hungaroring,Hungaroring,bortoleto,BOR,Gabriel Bortoleto,15,15,NA,1.8615818442155403,NA,NA,NA,NA,NA,NA,NA,NA,0,0,qualifying_model,FALSE,FALSE,FALSE,FALSE,0,0,1,2,66,34
17,2026,11,Hungarian Grand Prix,hungaroring,Hungaroring,ocon,OCO,Esteban Ocon,16,16,NA,1.848496295578742,NA,NA,NA,NA,NA,NA,NA,NA,0,0,qualifying_model,FALSE,FALSE,FALSE,FALSE,0,0,7,12,332,161
21,2026,11,Hungarian Grand Prix,hungaroring,Hungaroring,sainz,SAI,Carlos Sainz,17,17,NA,1.8643935410908767,NA,NA,NA,NA,NA,NA,NA,NA,0,0,qualifying_model,FALSE,FALSE,FALSE,FALSE,0,0,8,13,375,182
1,2026,11,Hungarian Grand Prix,hungaroring,Hungaroring,albon,ALB,Alexander Albon,18,18,NA,3.2327166970814045,NA,NA,NA,NA,NA,NA,NA,NA,0,0,qualifying_model,FALSE,FALSE,FALSE,FALSE,0,0,6,10,284,139
2,2026,11,Hungarian Grand Prix,hungaroring,Hungaroring,alonso,ALO,Fernando Alonso,19,19,NA,2.3307565582887175,NA,NA,NA,NA,NA,NA,NA,NA,0,0,qualifying_model,FALSE,FALSE,FALSE,FALSE,0,0,6,11,294,145
22,2026,11,Hungarian Grand Prix,hungaroring,Hungaroring,stroll,STR,Lance Stroll,20,20,NA,2.5646348202293727,NA,NA,NA,NA,NA,NA,NA,NA,0,0,qualifying_model,FALSE,FALSE,FALSE,FALSE,0,0,8,13,370,181
18,2026,11,Hungarian Grand Prix,hungaroring,Hungaroring,perez,PER,Sergio Pérez,21,21,NA,2.7078091722220283,NA,NA,NA,NA,NA,NA,NA,NA,0,0,qualifying_model,FALSE,FALSE,FALSE,FALSE,0,0,7,11,322,157
7,2026,11,Hungarian Grand Prix,hungaroring,Hungaroring,bottas,BOT,Valtteri Bottas,22,22,NA,2.8680505993029333,NA,NA,NA,NA,NA,NA,NA,NA,0,0,qualifying_model,FALSE,FALSE,FALSE,FALSE,0,0,7,11,328,159
42,2026,12,Dutch Grand Prix,zandvoort,Circuit Park Zandvoort,russell,RUS,George Russell,1,1,NA,0.5908165630210596,NA,NA,NA,NA,NA,NA,NA,NA,0,0,qualifying_model,FALSE,FALSE,FALSE,FALSE,0,0,5,12,334,162
25,2026,12,Dutch Grand Prix,zandvoort,Circuit Park Zandvoort,antonelli,ANT,Andrea Kimi Antonelli,2,2,NA,0.7200783263904104,NA,NA,NA,NA,NA,NA,NA,NA,0,0,qualifying_model,FALSE,FALSE,FALSE,FALSE,0,0,1,2,66,34
36,2026,12,Dutch Grand Prix,zandvoort,Circuit Park Zandvoort,leclerc,LEC,Charles Leclerc,3,3,NA,0.79438649810937,NA,NA,NA,NA,NA,NA,NA,NA,0,0,qualifying_model,FALSE,FALSE,FALSE,FALSE,0,0,5,13,376,183
33,2026,12,Dutch Grand Prix,zandvoort,Circuit Park Zandvoort,hamilton,HAM,Lewis Hamilton,4,4,NA,0.7247246318358097,NA,NA,NA,NA,NA,NA,NA,NA,0,0,qualifying_model,FALSE,FALSE,FALSE,FALSE,0,0,5,13,374,182
41,2026,12,Dutch Grand Prix,zandvoort,Circuit Park Zandvoort,piastri,PIA,Oscar Piastri,5,5,NA,0.87693486112496,NA,NA,NA,NA,NA,NA,NA,NA,0,0,qualifying_model,FALSE,FALSE,FALSE,FALSE,0,0,3,6,157,80
38,2026,12,Dutch Grand Prix,zandvoort,Circuit Park Zandvoort,norris,NOR,Lando Norris,6,6,NA,0.8688852088868229,NA,NA,NA,NA,NA,NA,NA,NA,0,0,qualifying_model,FALSE,FALSE,FALSE,FALSE,0,0,5,12,334,162
37,2026,12,Dutch Grand Prix,zandvoort,Circuit Park Zandvoort,max_verstappen,VER,Max Verstappen,7,7,NA,0.8622668630544273,NA,NA,NA,NA,NA,NA,NA,NA,0,0,qualifying_model,FALSE,FALSE,FALSE,FALSE,0,0,5,13,376,183
32,2026,12,Dutch Grand Prix,zandvoort,Circuit Park Zandvoort,hadjar,HAD,Isack Hadjar,8,8,NA,1.1354934385576962,NA,NA,NA,NA,NA,NA,NA,NA,0,0,qualifying_model,FALSE,FALSE,FALSE,FALSE,0,0,1,2,66,34
35,2026,12,Dutch Grand Prix,zandvoort,Circuit Park Zandvoort,lawson,LAW,Liam Lawson,9,9,NA,1.4334104157534173,NA,NA,NA,NA,NA,NA,NA,NA,0,0,qualifying_model,FALSE,FALSE,FALSE,FALSE,0,0,2,3,92,45
31,2026,12,Dutch Grand Prix,zandvoort,Circuit Park Zandvoort,gasly,GAS,Pierre Gasly,10,10,NA,1.415507739187157,NA,NA,NA,NA,NA,NA,NA,NA,0,0,qualifying_model,FALSE,FALSE,FALSE,FALSE,0,0,5,13,376,183
26,2026,12,Dutch Grand Prix,zandvoort,Circuit Park Zandvoort,arvid_lindblad,LIN,Arvid Lindblad,11,11,NA,1.4970800006638263,NA,NA,NA,NA,NA,NA,NA,NA,0,0,qualifying_model,FALSE,FALSE,FALSE,FALSE,0,0,NA,NA,18,10
34,2026,12,Dutch Grand Prix,zandvoort,Circuit Park Zandvoort,hulkenberg,HUL,Nico Hülkenberg,12,12,NA,1.5745562766001129,NA,NA,NA,NA,NA,NA,NA,NA,0,0,qualifying_model,FALSE,FALSE,FALSE,FALSE,0,0,3,8,253,127
30,2026,12,Dutch Grand Prix,zandvoort,Circuit Park Zandvoort,colapinto,COL,Franco Colapinto,13,13,NA,1.9574994210726246,NA,NA,NA,NA,NA,NA,NA,NA,0,0,qualifying_model,FALSE,FALSE,FALSE,FALSE,0,0,1,2,72,37
27,2026,12,Dutch Grand Prix,zandvoort,Circuit Park Zandvoort,bearman,BEA,Oliver Bearman,14,14,NA,1.7004978876664028,NA,NA,NA,NA,NA,NA,NA,NA,0,0,qualifying_model,FALSE,FALSE,FALSE,FALSE,0,0,1,2,70,37
28,2026,12,Dutch Grand Prix,zandvoort,Circuit Park Zandvoort,bortoleto,BOR,Gabriel Bortoleto,15,15,NA,1.8392946203287908,NA,NA,NA,NA,NA,NA,NA,NA,0,0,qualifying_model,FALSE,FALSE,FALSE,FALSE,0,0,1,2,66,34
39,2026,12,Dutch Grand Prix,zandvoort,Circuit Park Zandvoort,ocon,OCO,Esteban Ocon,16,16,NA,1.8262090915602072,NA,NA,NA,NA,NA,NA,NA,NA,0,0,qualifying_model,FALSE,FALSE,FALSE,FALSE,0,0,5,12,332,161
43,2026,12,Dutch Grand Prix,zandvoort,Circuit Park Zandvoort,sainz,SAI,Carlos Sainz,17,17,NA,1.8421063172041268,NA,NA,NA,NA,NA,NA,NA,NA,0,0,qualifying_model,FALSE,FALSE,FALSE,FALSE,0,0,5,13,375,182
23,2026,12,Dutch Grand Prix,zandvoort,Circuit Park Zandvoort,albon,ALB,Alexander Albon,18,18,NA,3.21042945332644,NA,NA,NA,NA,NA,NA,NA,NA,0,0,qualifying_model,FALSE,FALSE,FALSE,FALSE,0,0,4,10,284,139
24,2026,12,Dutch Grand Prix,zandvoort,Circuit Park Zandvoort,alonso,ALO,Fernando Alonso,19,19,NA,2.3084693741383973,NA,NA,NA,NA,NA,NA,NA,NA,0,0,qualifying_model,FALSE,FALSE,FALSE,FALSE,0,0,5,11,294,145
44,2026,12,Dutch Grand Prix,zandvoort,Circuit Park Zandvoort,stroll,STR,Lance Stroll,20,20,NA,2.542347576474408,NA,NA,NA,NA,NA,NA,NA,NA,0,0,qualifying_model,FALSE,FALSE,FALSE,FALSE,0,0,5,13,370,181
40,2026,12,Dutch Grand Prix,zandvoort,Circuit Park Zandvoort,perez,PER,Sergio Pérez,21,21,NA,2.6855219284670637,NA,NA,NA,NA,NA,NA,NA,NA,0,0,qualifying_model,FALSE,FALSE,FALSE,FALSE,0,0,4,11,322,157
29,2026,12,Dutch Grand Prix,zandvoort,Circuit Park Zandvoort,bottas,BOT,Valtteri Bottas,22,22,NA,2.8457633555479687,NA,NA,NA,NA,NA,NA,NA,NA,0,0,qualifying_model,FALSE,FALSE,FALSE,FALSE,0,0,4,11,328,159
47,2026,13,Italian Grand Prix,monza,Autodromo Nazionale di Monza,antonelli,ANT,Andrea Kimi Antonelli,1,1,NA,0.637375697010688,NA,NA,NA,NA,NA,NA,NA,NA,0,0,qualifying_model,FALSE,FALSE,FALSE,FALSE,0,0,1,3,56,34
64,2026,13,Italian Grand Prix,monza,Autodromo Nazionale di Monza,russell,RUS,George Russell,2,2,NA,0.6251641169325737,NA,NA,NA,NA,NA,NA,NA,NA,0,0,qualifying_model,FALSE,FALSE,FALSE,FALSE,0,0,7,17,272,162
58,2026,13,Italian Grand Prix,monza,Autodromo Nazionale di Monza,leclerc,LEC,Charles Leclerc,3,3,NA,0.6958159354143523,NA,NA,NA,NA,NA,NA,NA,NA,0,0,qualifying_model,FALSE,FALSE,FALSE,FALSE,0,0,8,19,310,183
55,2026,13,Italian Grand Prix,monza,Autodromo Nazionale di Monza,hamilton,HAM,Lewis Hamilton,4,4,NA,0.8202498416105272,NA,NA,NA,NA,NA,NA,NA,NA,0,0,qualifying_model,FALSE,FALSE,FALSE,FALSE,0,0,8,19,308,182
63,2026,13,Italian Grand Prix,monza,Autodromo Nazionale di Monza,piastri,PIA,Oscar Piastri,5,5,NA,0.8925729110614473,NA,NA,NA,NA,NA,NA,NA,NA,0,0,qualifying_model,FALSE,FALSE,FALSE,FALSE,0,0,3,7,132,80
60,2026,13,Italian Grand Prix,monza,Autodromo Nazionale di Monza,norris,NOR,Lando Norris,6,6,NA,0.844601985455996,NA,NA,NA,NA,NA,NA,NA,NA,0,0,qualifying_model,FALSE,FALSE,FALSE,FALSE,0,0,7,17,272,162
59,2026,13,Italian Grand Prix,monza,Autodromo Nazionale di Monza,max_verstappen,VER,Max Verstappen,7,7,NA,0.8719571224735707,NA,NA,NA,NA,NA,NA,NA,NA,0,0,qualifying_model,FALSE,FALSE,FALSE,FALSE,0,0,8,19,310,183
54,2026,13,Italian Grand Prix,monza,Autodromo Nazionale di Monza,hadjar,HAD,Isack Hadjar,8,8,NA,1.2560751359296503,NA,NA,NA,NA,NA,NA,NA,NA,0,0,qualifying_model,FALSE,FALSE,FALSE,FALSE,0,0,1,3,56,34
53,2026,13,Italian Grand Prix,monza,Autodromo Nazionale di Monza,gasly,GAS,Pierre Gasly,9,9,NA,1.3866579992635595,NA,NA,NA,NA,NA,NA,NA,NA,0,0,qualifying_model,FALSE,FALSE,FALSE,FALSE,0,0,8,19,310,183
57,2026,13,Italian Grand Prix,monza,Autodromo Nazionale di Monza,lawson,LAW,Liam Lawson,10,10,NA,1.4594773690943987,NA,NA,NA,NA,NA,NA,NA,NA,0,0,qualifying_model,FALSE,FALSE,FALSE,FALSE,0,0,2,4,76,45
48,2026,13,Italian Grand Prix,monza,Autodromo Nazionale di Monza,arvid_lindblad,LIN,Arvid Lindblad,11,11,NA,1.5999926080818097,NA,NA,NA,NA,NA,NA,NA,NA,0,0,qualifying_model,FALSE,FALSE,FALSE,FALSE,0,0,NA,1,16,10
56,2026,13,Italian Grand Prix,monza,Autodromo Nazionale di Monza,hulkenberg,HUL,Nico Hülkenberg,12,12,NA,1.5305717567034098,NA,NA,NA,NA,NA,NA,NA,NA,0,0,qualifying_model,FALSE,FALSE,FALSE,FALSE,0,0,5,11,216,127
52,2026,13,Italian Grand Prix,monza,Autodromo Nazionale di Monza,colapinto,COL,Franco Colapinto,13,13,NA,1.9284105708281323,NA,NA,NA,NA,NA,NA,NA,NA,0,0,qualifying_model,FALSE,FALSE,FALSE,FALSE,0,0,2,4,65,37
49,2026,13,Italian Grand Prix,monza,Autodromo Nazionale di Monza,bearman,BEA,Oliver Bearman,14,14,NA,1.7542305811115946,NA,NA,NA,NA,NA,NA,NA,NA,0,0,qualifying_model,FALSE,FALSE,FALSE,FALSE,0,0,1,3,61,37
50,2026,13,Italian Grand Prix,monza,Autodromo Nazionale di Monza,bortoleto,BOR,Gabriel Bortoleto,15,15,NA,1.869382044077733,NA,NA,NA,NA,NA,NA,NA,NA,0,0,qualifying_model,FALSE,FALSE,FALSE,FALSE,0,0,1,3,56,34
61,2026,13,Italian Grand Prix,monza,Autodromo Nazionale di Monza,ocon,OCO,Esteban Ocon,16,16,NA,1.8942462081664226,NA,NA,NA,NA,NA,NA,NA,NA,0,0,qualifying_model,FALSE,FALSE,FALSE,FALSE,0,0,7,17,270,161
65,2026,13,Italian Grand Prix,monza,Autodromo Nazionale di Monza,sainz,SAI,Carlos Sainz,17,17,NA,1.835656359494046,NA,NA,NA,NA,NA,NA,NA,NA,0,0,qualifying_model,FALSE,FALSE,FALSE,FALSE,0,0,8,19,309,182
45,2026,13,Italian Grand Prix,monza,Autodromo Nazionale di Monza,albon,ALB,Alexander Albon,18,18,NA,3.242733975020495,NA,NA,NA,NA,NA,NA,NA,NA,0,0,qualifying_model,FALSE,FALSE,FALSE,FALSE,0,0,5,13,232,139
46,2026,13,Italian Grand Prix,monza,Autodromo Nazionale di Monza,alonso,ALO,Fernando Alonso,19,19,NA,2.3221075931124417,NA,NA,NA,NA,NA,NA,NA,NA,0,0,qualifying_model,FALSE,FALSE,FALSE,FALSE,0,0,6,14,242,145
66,2026,13,Italian Grand Prix,monza,Autodromo Nazionale di Monza,stroll,STR,Lance Stroll,20,20,NA,2.4674971102022916,NA,NA,NA,NA,NA,NA,NA,NA,0,0,qualifying_model,FALSE,FALSE,FALSE,FALSE,0,0,8,19,308,181
51,2026,13,Italian Grand Prix,monza,Autodromo Nazionale di Monza,bottas,BOT,Valtteri Bottas,21,21,NA,2.762522881947456,NA,NA,NA,NA,NA,NA,NA,NA,0,0,qualifying_model,FALSE,FALSE,FALSE,FALSE,0,0,7,17,270,159
62,2026,13,Italian Grand Prix,monza,Autodromo Nazionale di Monza,perez,PER,Sergio Pérez,22,22,NA,2.758723368321381,NA,NA,NA,NA,NA,NA,NA,NA,0,0,qualifying_model,FALSE,FALSE,FALSE,FALSE,0,0,7,17,266,157
69,2026,14,Spanish Grand Prix,madring,Madring,antonelli,ANT,Andrea Kimi Antonelli,1,1,NA,0.8892789555787612,NA,NA,NA,NA,NA,NA,NA,NA,0,0,qualifying_model,FALSE,FALSE,FALSE,FALSE,0,0,NA,4,46,34
86,2026,14,Spanish Grand Prix,madring,Madring,russell,RUS,George Russell,2,2,NA,1.0551016791454972,NA,NA,NA,NA,NA,NA,NA,NA,0,0,qualifying_model,FALSE,FALSE,FALSE,FALSE,0,0,NA,15,202,162
80,2026,14,Spanish Grand Prix,madring,Madring,leclerc,LEC,Charles Leclerc,3,3,NA,1.0835583808578193,NA,NA,NA,NA,NA,NA,NA,NA,0,0,qualifying_model,FALSE,FALSE,FALSE,FALSE,0,0,NA,17,231,183
85,2026,14,Spanish Grand Prix,madring,Madring,piastri,PIA,Oscar Piastri,4,4,NA,0.9704317892239466,NA,NA,NA,NA,NA,NA,NA,NA,0,0,qualifying_model,FALSE,FALSE,FALSE,FALSE,0,0,NA,10,108,80
82,2026,14,Spanish Grand Prix,madring,Madring,norris,NOR,Lando Norris,5,5,NA,1.375877782739903,NA,NA,NA,NA,NA,NA,NA,NA,0,0,qualifying_model,FALSE,FALSE,FALSE,FALSE,0,0,NA,15,202,162
77,2026,14,Spanish Grand Prix,madring,Madring,hamilton,HAM,Lewis Hamilton,6,6,NA,1.221858984397794,NA,NA,NA,NA,NA,NA,NA,NA,0,0,qualifying_model,FALSE,FALSE,FALSE,FALSE,0,0,NA,17,230,182
81,2026,14,Spanish Grand Prix,madring,Madring,max_verstappen,VER,Max Verstappen,7,7,NA,1.146534595640633,NA,NA,NA,NA,NA,NA,NA,NA,0,0,qualifying_model,FALSE,FALSE,FALSE,FALSE,0,0,NA,17,231,183
76,2026,14,Spanish Grand Prix,madring,Madring,hadjar,HAD,Isack Hadjar,8,8,NA,1.3794079226497455,NA,NA,NA,NA,NA,NA,NA,NA,0,0,qualifying_model,FALSE,FALSE,FALSE,FALSE,0,0,NA,4,46,34
79,2026,14,Spanish Grand Prix,madring,Madring,lawson,LAW,Liam Lawson,9,9,NA,1.7460167567656075,NA,NA,NA,NA,NA,NA,NA,NA,0,0,qualifying_model,FALSE,FALSE,FALSE,FALSE,0,0,NA,5,59,45
70,2026,14,Spanish Grand Prix,madring,Madring,arvid_lindblad,LIN,Arvid Lindblad,10,10,NA,1.9564810793987946,NA,NA,NA,NA,NA,NA,NA,NA,0,0,qualifying_model,FALSE,FALSE,FALSE,FALSE,0,0,NA,1,14,10
75,2026,14,Spanish Grand Prix,madring,Madring,gasly,GAS,Pierre Gasly,11,11,NA,1.8544042315449198,NA,NA,NA,NA,NA,NA,NA,NA,0,0,qualifying_model,FALSE,FALSE,FALSE,FALSE,0,0,NA,17,231,183
78,2026,14,Spanish Grand Prix,madring,Madring,hulkenberg,HUL,Nico Hülkenberg,12,12,NA,1.9360753178733157,NA,NA,NA,NA,NA,NA,NA,NA,0,0,qualifying_model,FALSE,FALSE,FALSE,FALSE,0,0,NA,14,171,127
71,2026,14,Spanish Grand Prix,madring,Madring,bearman,BEA,Oliver Bearman,13,13,NA,1.831986072620681,NA,NA,NA,NA,NA,NA,NA,NA,0,0,qualifying_model,FALSE,FALSE,FALSE,FALSE,0,0,NA,5,52,37
74,2026,14,Spanish Grand Prix,madring,Madring,colapinto,COL,Franco Colapinto,14,14,NA,2.1339466791095045,NA,NA,NA,NA,NA,NA,NA,NA,0,0,qualifying_model,FALSE,FALSE,FALSE,FALSE,0,0,NA,6,52,37
72,2026,14,Spanish Grand Prix,madring,Madring,bortoleto,BOR,Gabriel Bortoleto,15,15,NA,2.2040290406714034,NA,NA,NA,NA,NA,NA,NA,NA,0,0,qualifying_model,FALSE,FALSE,FALSE,FALSE,0,0,NA,4,46,34
83,2026,14,Spanish Grand Prix,madring,Madring,ocon,OCO,Esteban Ocon,16,16,NA,2.3274121378756787,NA,NA,NA,NA,NA,NA,NA,NA,0,0,qualifying_model,FALSE,FALSE,FALSE,FALSE,0,0,NA,15,201,161
87,2026,14,Spanish Grand Prix,madring,Madring,sainz,SAI,Carlos Sainz,17,17,NA,2.249100937389435,NA,NA,NA,NA,NA,NA,NA,NA,0,0,qualifying_model,FALSE,FALSE,FALSE,FALSE,0,0,NA,17,229,182
67,2026,14,Spanish Grand Prix,madring,Madring,albon,ALB,Alexander Albon,18,18,NA,3.691886520477876,NA,NA,NA,NA,NA,NA,NA,NA,0,0,qualifying_model,FALSE,FALSE,FALSE,FALSE,0,0,NA,14,177,139
68,2026,14,Spanish Grand Prix,madring,Madring,alonso,ALO,Fernando Alonso,19,19,NA,2.8436010027484357,NA,NA,NA,NA,NA,NA,NA,NA,0,0,qualifying_model,FALSE,FALSE,FALSE,FALSE,0,0,NA,15,187,145
88,2026,14,Spanish Grand Prix,madring,Madring,stroll,STR,Lance Stroll,20,20,NA,3.0012092932191394,NA,NA,NA,NA,NA,NA,NA,NA,0,0,qualifying_model,FALSE,FALSE,FALSE,FALSE,0,0,NA,17,231,181
84,2026,14,Spanish Grand Prix,madring,Madring,perez,PER,Sergio Pérez,21,21,NA,3.185686815968863,NA,NA,NA,NA,NA,NA,NA,NA,0,0,qualifying_model,FALSE,FALSE,FALSE,FALSE,0,0,NA,14,197,157
73,2026,14,Spanish Grand Prix,madring,Madring,bottas,BOT,Valtteri Bottas,22,22,NA,3.287762517659918,NA,NA,NA,NA,NA,NA,NA,NA,0,0,qualifying_model,FALSE,FALSE,FALSE,FALSE,0,0,NA,14,199,159
91,2026,15,Azerbaijan Grand Prix,baku,Baku City Circuit,antonelli,ANT,Andrea Kimi Antonelli,1,1,NA,0.8607500071593586,NA,NA,NA,NA,NA,NA,NA,NA,0,0,qualifying_model,FALSE,FALSE,FALSE,FALSE,0,0,1,4,46,34
108,2026,15,Azerbaijan Grand Prix,baku,Baku City Circuit,russell,RUS,George Russell,2,2,NA,1.026572740660202,NA,NA,NA,NA,NA,NA,NA,NA,0,0,qualifying_model,FALSE,FALSE,FALSE,FALSE,0,0,6,15,202,162
102,2026,15,Azerbaijan Grand Prix,baku,Baku City Circuit,leclerc,LEC,Charles Leclerc,3,3,NA,1.0522897049413154,NA,NA,NA,NA,NA,NA,NA,NA,0,0,qualifying_model,FALSE,FALSE,FALSE,FALSE,0,0,7,17,231,183
107,2026,15,Azerbaijan Grand Prix,baku,Baku City Circuit,piastri,PIA,Oscar Piastri,4,4,NA,0.9478664643282562,NA,NA,NA,NA,NA,NA,NA,NA,0,0,qualifying_model,FALSE,FALSE,FALSE,FALSE,0,0,3,10,108,80
104,2026,15,Azerbaijan Grand Prix,baku,Baku City Circuit,norris,NOR,Lando Norris,5,5,NA,1.3612485977456907,NA,NA,NA,NA,NA,NA,NA,NA,0,0,qualifying_model,FALSE,FALSE,FALSE,FALSE,0,0,6,15,202,162
99,2026,15,Azerbaijan Grand Prix,baku,Baku City Circuit,hamilton,HAM,Lewis Hamilton,6,6,NA,1.190590308481291,NA,NA,NA,NA,NA,NA,NA,NA,0,0,qualifying_model,FALSE,FALSE,FALSE,FALSE,0,0,7,17,230,182
103,2026,15,Azerbaijan Grand Prix,baku,Baku City Circuit,max_verstappen,VER,Max Verstappen,7,7,NA,1.1152659495264519,NA,NA,NA,NA,NA,NA,NA,NA,0,0,qualifying_model,FALSE,FALSE,FALSE,FALSE,0,0,7,17,231,183
98,2026,15,Azerbaijan Grand Prix,baku,Baku City Circuit,hadjar,HAD,Isack Hadjar,8,8,NA,1.3508789742303429,NA,NA,NA,NA,NA,NA,NA,NA,0,0,qualifying_model,FALSE,FALSE,FALSE,FALSE,0,0,1,4,46,34
101,2026,15,Azerbaijan Grand Prix,baku,Baku City Circuit,lawson,LAW,Liam Lawson,9,9,NA,1.7243485016420017,NA,NA,NA,NA,NA,NA,NA,NA,0,0,qualifying_model,FALSE,FALSE,FALSE,FALSE,0,0,1,5,59,45
92,2026,15,Azerbaijan Grand Prix,baku,Baku City Circuit,arvid_lindblad,LIN,Arvid Lindblad,10,10,NA,1.9030648075998753,NA,NA,NA,NA,NA,NA,NA,NA,0,0,qualifying_model,FALSE,FALSE,FALSE,FALSE,0,0,NA,1,14,10
97,2026,15,Azerbaijan Grand Prix,baku,Baku City Circuit,gasly,GAS,Pierre Gasly,11,11,NA,1.825875283125517,NA,NA,NA,NA,NA,NA,NA,NA,0,0,qualifying_model,FALSE,FALSE,FALSE,FALSE,0,0,7,17,231,183
100,2026,15,Azerbaijan Grand Prix,baku,Baku City Circuit,hulkenberg,HUL,Nico Hülkenberg,12,12,NA,1.9110679509447475,NA,NA,NA,NA,NA,NA,NA,NA,0,0,qualifying_model,FALSE,FALSE,FALSE,FALSE,0,0,5,14,171,127
93,2026,15,Azerbaijan Grand Prix,baku,Baku City Circuit,bearman,BEA,Oliver Bearman,13,13,NA,1.8260134092647038,NA,NA,NA,NA,NA,NA,NA,NA,0,0,qualifying_model,FALSE,FALSE,FALSE,FALSE,0,0,2,5,52,37
96,2026,15,Azerbaijan Grand Prix,baku,Baku City Circuit,colapinto,COL,Franco Colapinto,14,14,NA,2.257397554597318,NA,NA,NA,NA,NA,NA,NA,NA,0,0,qualifying_model,FALSE,FALSE,FALSE,FALSE,0,0,2,6,52,37
109,2026,15,Azerbaijan Grand Prix,baku,Baku City Circuit,sainz,SAI,Carlos Sainz,15,15,NA,2.2169374368091335,NA,NA,NA,NA,NA,NA,NA,NA,0,0,qualifying_model,FALSE,FALSE,FALSE,FALSE,0,0,7,17,229,182
94,2026,15,Azerbaijan Grand Prix,baku,Baku City Circuit,bortoleto,BOR,Gabriel Bortoleto,16,16,NA,2.1755000723837856,NA,NA,NA,NA,NA,NA,NA,NA,0,0,qualifying_model,FALSE,FALSE,FALSE,FALSE,0,0,1,4,46,34
105,2026,15,Azerbaijan Grand Prix,baku,Baku City Circuit,ocon,OCO,Esteban Ocon,17,17,NA,2.4698977964089437,NA,NA,NA,NA,NA,NA,NA,NA,0,0,qualifying_model,FALSE,FALSE,FALSE,FALSE,0,0,6,15,201,161
89,2026,15,Azerbaijan Grand Prix,baku,Baku City Circuit,albon,ALB,Alexander Albon,18,18,NA,3.728689329127107,NA,NA,NA,NA,NA,NA,NA,NA,0,0,qualifying_model,FALSE,FALSE,FALSE,FALSE,0,0,5,14,177,139
90,2026,15,Azerbaijan Grand Prix,baku,Baku City Circuit,alonso,ALO,Fernando Alonso,19,19,NA,2.6044767048582584,NA,NA,NA,NA,NA,NA,NA,NA,0,0,qualifying_model,FALSE,FALSE,FALSE,FALSE,0,0,6,15,187,145
110,2026,15,Azerbaijan Grand Prix,baku,Baku City Circuit,stroll,STR,Lance Stroll,20,20,NA,2.8012429223652484,NA,NA,NA,NA,NA,NA,NA,NA,0,0,qualifying_model,FALSE,FALSE,FALSE,FALSE,0,0,7,17,231,181
106,2026,15,Azerbaijan Grand Prix,baku,Baku City Circuit,perez,PER,Sergio Pérez,21,21,NA,2.9543786936984473,NA,NA,NA,NA,NA,NA,NA,NA,0,0,qualifying_model,FALSE,FALSE,FALSE,FALSE,0,0,6,14,197,157
95,2026,15,Azerbaijan Grand Prix,baku,Baku City Circuit,bottas,BOT,Valtteri Bottas,22,22,NA,3.067188595867102,NA,NA,NA,NA,NA,NA,NA,NA,0,0,qualifying_model,FALSE,FALSE,FALSE,FALSE,0,0,6,14,199,159
130,2026,16,Singapore Grand Prix,marina_bay,Marina Bay Street Circuit,russell,RUS,George Russell,1,1,NA,0.7565334622890939,NA,NA,NA,NA,NA,NA,NA,NA,0,0,qualifying_model,FALSE,FALSE,FALSE,FALSE,0,0,5,5,263,162
113,2026,16,Singapore Grand Prix,marina_bay,Marina Bay Street Circuit,antonelli,ANT,Andrea Kimi Antonelli,2,2,NA,0.8857950667127252,NA,NA,NA,NA,NA,NA,NA,NA,0,0,qualifying_model,FALSE,FALSE,FALSE,FALSE,0,0,1,1,56,34
124,2026,16,Singapore Grand Prix,marina_bay,Marina Bay Street Circuit,leclerc,LEC,Charles Leclerc,3,3,NA,0.9601033576409744,NA,NA,NA,NA,NA,NA,NA,NA,0,0,qualifying_model,FALSE,FALSE,FALSE,FALSE,0,0,6,6,300,183
121,2026,16,Singapore Grand Prix,marina_bay,Marina Bay Street Circuit,hamilton,HAM,Lewis Hamilton,4,4,NA,0.8904414814333068,NA,NA,NA,NA,NA,NA,NA,NA,0,0,qualifying_model,FALSE,FALSE,FALSE,FALSE,0,0,6,6,298,182
129,2026,16,Singapore Grand Prix,marina_bay,Marina Bay Street Circuit,piastri,PIA,Oscar Piastri,5,5,NA,1.0426516610519196,NA,NA,NA,NA,NA,NA,NA,NA,0,0,qualifying_model,FALSE,FALSE,FALSE,FALSE,0,0,3,3,135,80
126,2026,16,Singapore Grand Prix,marina_bay,Marina Bay Street Circuit,norris,NOR,Lando Norris,6,6,NA,1.0346020088137826,NA,NA,NA,NA,NA,NA,NA,NA,0,0,qualifying_model,FALSE,FALSE,FALSE,FALSE,0,0,5,5,263,162
125,2026,16,Singapore Grand Prix,marina_bay,Marina Bay Street Circuit,max_verstappen,VER,Max Verstappen,7,7,NA,1.0237108046795884,NA,NA,NA,NA,NA,NA,NA,NA,0,0,qualifying_model,FALSE,FALSE,FALSE,FALSE,0,0,6,6,300,183
120,2026,16,Singapore Grand Prix,marina_bay,Marina Bay Street Circuit,hadjar,HAD,Isack Hadjar,8,8,NA,1.2979147076091322,NA,NA,NA,NA,NA,NA,NA,NA,0,0,qualifying_model,FALSE,FALSE,FALSE,FALSE,0,0,1,1,56,34
123,2026,16,Singapore Grand Prix,marina_bay,Marina Bay Street Circuit,lawson,LAW,Liam Lawson,9,9,NA,1.6238991544017158,NA,NA,NA,NA,NA,NA,NA,NA,0,0,qualifying_model,FALSE,FALSE,FALSE,FALSE,0,0,2,2,76,45
119,2026,16,Singapore Grand Prix,marina_bay,Marina Bay Street Circuit,gasly,GAS,Pierre Gasly,10,10,NA,1.6070916138421292,NA,NA,NA,NA,NA,NA,NA,NA,0,0,qualifying_model,FALSE,FALSE,FALSE,FALSE,0,0,6,6,300,183
114,2026,16,Singapore Grand Prix,marina_bay,Marina Bay Street Circuit,arvid_lindblad,LIN,Arvid Lindblad,11,11,NA,1.6940408897968453,NA,NA,NA,NA,NA,NA,NA,NA,0,0,qualifying_model,FALSE,FALSE,FALSE,FALSE,0,0,NA,NA,15,10
122,2026,16,Singapore Grand Prix,marina_bay,Marina Bay Street Circuit,hulkenberg,HUL,Nico Hülkenberg,12,12,NA,1.794913339846088,NA,NA,NA,NA,NA,NA,NA,NA,0,0,qualifying_model,FALSE,FALSE,FALSE,FALSE,0,0,5,5,215,127
115,2026,16,Singapore Grand Prix,marina_bay,Marina Bay Street Circuit,bearman,BEA,Oliver Bearman,13,13,NA,1.922302688129327,NA,NA,NA,NA,NA,NA,NA,NA,0,0,qualifying_model,FALSE,FALSE,FALSE,FALSE,0,0,1,1,61,37
118,2026,16,Singapore Grand Prix,marina_bay,Marina Bay Street Circuit,colapinto,COL,Franco Colapinto,14,14,NA,2.197188158099677,NA,NA,NA,NA,NA,NA,NA,NA,0,0,qualifying_model,FALSE,FALSE,FALSE,FALSE,0,0,2,2,64,37
116,2026,16,Singapore Grand Prix,marina_bay,Marina Bay Street Circuit,bortoleto,BOR,Gabriel Bortoleto,15,15,NA,2.1608501581409074,NA,NA,NA,NA,NA,NA,NA,NA,0,0,qualifying_model,FALSE,FALSE,FALSE,FALSE,0,0,1,1,56,34
127,2026,16,Singapore Grand Prix,marina_bay,Marina Bay Street Circuit,ocon,OCO,Esteban Ocon,16,16,NA,2.1692135197404676,NA,NA,NA,NA,NA,NA,NA,NA,0,0,qualifying_model,FALSE,FALSE,FALSE,FALSE,0,0,5,5,261,161
131,2026,16,Singapore Grand Prix,marina_bay,Marina Bay Street Circuit,sainz,SAI,Carlos Sainz,17,17,NA,2.163850444112313,NA,NA,NA,NA,NA,NA,NA,NA,0,0,qualifying_model,FALSE,FALSE,FALSE,FALSE,0,0,6,6,299,182
111,2026,16,Singapore Grand Prix,marina_bay,Marina Bay Street Circuit,albon,ALB,Alexander Albon,18,18,NA,3.659330255096534,NA,NA,NA,NA,NA,NA,NA,NA,0,0,qualifying_model,FALSE,FALSE,FALSE,FALSE,0,0,5,5,230,139
112,2026,16,Singapore Grand Prix,marina_bay,Marina Bay Street Circuit,alonso,ALO,Fernando Alonso,19,19,NA,2.6350109199588356,NA,NA,NA,NA,NA,NA,NA,NA,0,0,qualifying_model,FALSE,FALSE,FALSE,FALSE,0,0,5,5,241,145
132,2026,16,Singapore Grand Prix,marina_bay,Marina Bay Street Circuit,stroll,STR,Lance Stroll,20,20,NA,2.9670152555778255,NA,NA,NA,NA,NA,NA,NA,NA,0,0,qualifying_model,FALSE,FALSE,FALSE,FALSE,0,0,6,6,298,181
128,2026,16,Singapore Grand Prix,marina_bay,Marina Bay Street Circuit,perez,PER,Sergio Pérez,21,21,NA,3.0292450893222407,NA,NA,NA,NA,NA,NA,NA,NA,0,0,qualifying_model,FALSE,FALSE,FALSE,FALSE,0,0,5,5,257,157
117,2026,16,Singapore Grand Prix,marina_bay,Marina Bay Street Circuit,bottas,BOT,Valtteri Bottas,22,22,NA,3.309995087868956,NA,NA,NA,NA,NA,NA,NA,NA,0,0,qualifying_model,FALSE,FALSE,FALSE,FALSE,0,0,5,5,259,159
152,2026,17,United States Grand Prix,americas,Circuit of the Americas,russell,RUS,George Russell,1,1,NA,0.6758324079960518,NA,NA,NA,NA,NA,NA,NA,NA,0,0,qualifying_model,FALSE,FALSE,FALSE,FALSE,0,0,6,12,382,162
135,2026,17,United States Grand Prix,americas,Circuit of the Americas,antonelli,ANT,Andrea Kimi Antonelli,2,2,NA,0.809127359390559,NA,NA,NA,NA,NA,NA,NA,NA,0,0,qualifying_model,FALSE,FALSE,FALSE,FALSE,0,0,1,2,75,34
146,2026,17,United States Grand Prix,americas,Circuit of the Americas,leclerc,LEC,Charles Leclerc,3,3,NA,0.8846324619153608,NA,NA,NA,NA,NA,NA,NA,NA,0,0,qualifying_model,FALSE,FALSE,FALSE,FALSE,0,0,7,14,433,183
143,2026,17,United States Grand Prix,americas,Circuit of the Americas,hamilton,HAM,Lewis Hamilton,4,4,NA,0.8190038333374944,NA,NA,NA,NA,NA,NA,NA,NA,0,0,qualifying_model,FALSE,FALSE,FALSE,FALSE,0,0,7,14,430,182
151,2026,17,United States Grand Prix,americas,Circuit of the Americas,piastri,PIA,Oscar Piastri,5,5,NA,0.9671808249309508,NA,NA,NA,NA,NA,NA,NA,NA,0,0,qualifying_model,FALSE,FALSE,FALSE,FALSE,0,0,3,6,180,80
148,2026,17,United States Grand Prix,americas,Circuit of the Americas,norris,NOR,Lando Norris,6,6,NA,0.9591311726928137,NA,NA,NA,NA,NA,NA,NA,NA,0,0,qualifying_model,FALSE,FALSE,FALSE,FALSE,0,0,6,12,382,162
147,2026,17,United States Grand Prix,americas,Circuit of the Americas,max_verstappen,VER,Max Verstappen,7,7,NA,0.9642149570986334,NA,NA,NA,NA,NA,NA,NA,NA,0,0,qualifying_model,FALSE,FALSE,FALSE,FALSE,0,0,7,14,433,183
142,2026,17,United States Grand Prix,americas,Circuit of the Americas,hadjar,HAD,Isack Hadjar,8,8,NA,1.2537511912882224,NA,NA,NA,NA,NA,NA,NA,NA,0,0,qualifying_model,FALSE,FALSE,FALSE,FALSE,0,0,1,2,75,34
145,2026,17,United States Grand Prix,americas,Circuit of the Americas,lawson,LAW,Liam Lawson,9,9,NA,1.5399658693659015,NA,NA,NA,NA,NA,NA,NA,NA,0,0,qualifying_model,FALSE,FALSE,FALSE,FALSE,0,0,2,4,106,45
141,2026,17,United States Grand Prix,americas,Circuit of the Americas,gasly,GAS,Pierre Gasly,10,10,NA,1.5288048754880368,NA,NA,NA,NA,NA,NA,NA,NA,0,0,qualifying_model,FALSE,FALSE,FALSE,FALSE,0,0,7,14,433,183
136,2026,17,United States Grand Prix,americas,Circuit of the Americas,arvid_lindblad,LIN,Arvid Lindblad,11,11,NA,1.6049631477386819,NA,NA,NA,NA,NA,NA,NA,NA,0,0,qualifying_model,FALSE,FALSE,FALSE,FALSE,0,0,NA,NA,20,10
144,2026,17,United States Grand Prix,americas,Circuit of the Americas,hulkenberg,HUL,Nico Hülkenberg,12,12,NA,1.691116429442791,NA,NA,NA,NA,NA,NA,NA,NA,0,0,qualifying_model,FALSE,FALSE,FALSE,FALSE,0,0,5,10,295,127
137,2026,17,United States Grand Prix,americas,Circuit of the Americas,bearman,BEA,Oliver Bearman,13,13,NA,1.8239332177335577,NA,NA,NA,NA,NA,NA,NA,NA,0,0,qualifying_model,FALSE,FALSE,FALSE,FALSE,0,0,1,3,81,37
140,2026,17,United States Grand Prix,americas,Circuit of the Americas,colapinto,COL,Franco Colapinto,14,14,NA,2.07239237239629,NA,NA,NA,NA,NA,NA,NA,NA,0,0,qualifying_model,FALSE,FALSE,FALSE,FALSE,0,0,2,4,86,37
138,2026,17,United States Grand Prix,americas,Circuit of the Americas,bortoleto,BOR,Gabriel Bortoleto,15,15,NA,1.9545309142745775,NA,NA,NA,NA,NA,NA,NA,NA,0,0,qualifying_model,FALSE,FALSE,FALSE,FALSE,0,0,1,2,75,34
149,2026,17,United States Grand Prix,americas,Circuit of the Americas,ocon,OCO,Esteban Ocon,16,16,NA,1.9430728704633708,NA,NA,NA,NA,NA,NA,NA,NA,0,0,qualifying_model,FALSE,FALSE,FALSE,FALSE,0,0,6,12,379,161
153,2026,17,United States Grand Prix,americas,Circuit of the Americas,sainz,SAI,Carlos Sainz,17,17,NA,1.97830912112789,NA,NA,NA,NA,NA,NA,NA,NA,0,0,qualifying_model,FALSE,FALSE,FALSE,FALSE,0,0,7,14,432,182
133,2026,17,United States Grand Prix,americas,Circuit of the Americas,albon,ALB,Alexander Albon,18,18,NA,3.346572573132568,NA,NA,NA,NA,NA,NA,NA,NA,0,0,qualifying_model,FALSE,FALSE,FALSE,FALSE,0,0,5,10,325,139
134,2026,17,United States Grand Prix,americas,Circuit of the Americas,alonso,ALO,Fernando Alonso,19,19,NA,2.4335997013572452,NA,NA,NA,NA,NA,NA,NA,NA,0,0,qualifying_model,FALSE,FALSE,FALSE,FALSE,0,0,6,12,337,145
154,2026,17,United States Grand Prix,americas,Circuit of the Americas,stroll,STR,Lance Stroll,20,20,NA,2.6671346206757796,NA,NA,NA,NA,NA,NA,NA,NA,0,0,qualifying_model,FALSE,FALSE,FALSE,FALSE,0,0,7,14,427,181
150,2026,17,United States Grand Prix,americas,Circuit of the Americas,perez,PER,Sergio Pérez,21,21,NA,2.81398707595645,NA,NA,NA,NA,NA,NA,NA,NA,0,0,qualifying_model,FALSE,FALSE,FALSE,FALSE,0,0,6,12,372,157
139,2026,17,United States Grand Prix,americas,Circuit of the Americas,bottas,BOT,Valtteri Bottas,22,22,NA,2.987503868072094,NA,NA,NA,NA,NA,NA,NA,NA,0,0,qualifying_model,FALSE,FALSE,FALSE,FALSE,0,0,6,12,378,159
174,2026,18,Mexico City Grand Prix,rodriguez,Autódromo Hermanos Rodríguez,russell,RUS,George Russell,1,1,NA,0.726302595397069,NA,NA,NA,NA,NA,NA,NA,NA,0,0,qualifying_model,FALSE,FALSE,FALSE,FALSE,0,0,6,21,298,162
157,2026,18,Mexico City Grand Prix,rodriguez,Autódromo Hermanos Rodríguez,antonelli,ANT,Andrea Kimi Antonelli,2,2,NA,0.8643071581279664,NA,NA,NA,NA,NA,NA,NA,NA,0,0,qualifying_model,FALSE,FALSE,FALSE,FALSE,0,0,1,3,58,34
168,2026,18,Mexico City Grand Prix,rodriguez,Autódromo Hermanos Rodríguez,leclerc,LEC,Charles Leclerc,3,3,NA,0.9351027983279897,NA,NA,NA,NA,NA,NA,NA,NA,0,0,qualifying_model,FALSE,FALSE,FALSE,FALSE,0,0,7,24,340,183
165,2026,18,Mexico City Grand Prix,rodriguez,Autódromo Hermanos Rodríguez,hamilton,HAM,Lewis Hamilton,4,4,NA,0.8741835029315047,NA,NA,NA,NA,NA,NA,NA,NA,0,0,qualifying_model,FALSE,FALSE,FALSE,FALSE,0,0,7,23,337,182
173,2026,18,Mexico City Grand Prix,rodriguez,Autódromo Hermanos Rodríguez,piastri,PIA,Oscar Piastri,5,5,NA,1.0176511911459023,NA,NA,NA,NA,NA,NA,NA,NA,0,0,qualifying_model,FALSE,FALSE,FALSE,FALSE,0,0,3,9,140,80
170,2026,18,Mexico City Grand Prix,rodriguez,Autódromo Hermanos Rodríguez,norris,NOR,Lando Norris,6,6,NA,1.009601538907765,NA,NA,NA,NA,NA,NA,NA,NA,0,0,qualifying_model,FALSE,FALSE,FALSE,FALSE,0,0,6,21,298,162
169,2026,18,Mexico City Grand Prix,rodriguez,Autódromo Hermanos Rodríguez,max_verstappen,VER,Max Verstappen,7,7,NA,1.014685313379477,NA,NA,NA,NA,NA,NA,NA,NA,0,0,qualifying_model,FALSE,FALSE,FALSE,FALSE,0,0,7,24,340,183
164,2026,18,Mexico City Grand Prix,rodriguez,Autódromo Hermanos Rodríguez,hadjar,HAD,Isack Hadjar,8,8,NA,1.3041706650706433,NA,NA,NA,NA,NA,NA,NA,NA,0,0,qualifying_model,FALSE,FALSE,FALSE,FALSE,0,0,1,3,58,34
167,2026,18,Mexico City Grand Prix,rodriguez,Autódromo Hermanos Rodríguez,lawson,LAW,Liam Lawson,9,9,NA,1.5891042406499496,NA,NA,NA,NA,NA,NA,NA,NA,0,0,qualifying_model,FALSE,FALSE,FALSE,FALSE,0,0,2,5,83,45
163,2026,18,Mexico City Grand Prix,rodriguez,Autódromo Hermanos Rodríguez,gasly,GAS,Pierre Gasly,10,10,NA,1.5779432269038698,NA,NA,NA,NA,NA,NA,NA,NA,0,0,qualifying_model,FALSE,FALSE,FALSE,FALSE,0,0,7,24,340,183
158,2026,18,Mexico City Grand Prix,rodriguez,Autódromo Hermanos Rodríguez,arvid_lindblad,LIN,Arvid Lindblad,11,11,NA,1.6541015190227304,NA,NA,NA,NA,NA,NA,NA,NA,0,0,qualifying_model,FALSE,FALSE,FALSE,FALSE,0,0,NA,NA,15,10
166,2026,18,Mexico City Grand Prix,rodriguez,Autódromo Hermanos Rodríguez,hulkenberg,HUL,Nico Hülkenberg,12,12,NA,1.7400237731236896,NA,NA,NA,NA,NA,NA,NA,NA,0,0,qualifying_model,FALSE,FALSE,FALSE,FALSE,0,0,5,16,233,127
159,2026,18,Mexico City Grand Prix,rodriguez,Autódromo Hermanos Rodríguez,bearman,BEA,Oliver Bearman,13,13,NA,1.8751655995296403,NA,NA,NA,NA,NA,NA,NA,NA,0,0,qualifying_model,FALSE,FALSE,FALSE,FALSE,0,0,1,3,62,37
162,2026,18,Mexico City Grand Prix,rodriguez,Autódromo Hermanos Rodríguez,colapinto,COL,Franco Colapinto,14,14,NA,2.1215306642074787,NA,NA,NA,NA,NA,NA,NA,NA,0,0,qualifying_model,FALSE,FALSE,FALSE,FALSE,0,0,2,4,69,37
160,2026,18,Mexico City Grand Prix,rodriguez,Autódromo Hermanos Rodríguez,bortoleto,BOR,Gabriel Bortoleto,15,15,NA,2.0013440487612932,NA,NA,NA,NA,NA,NA,NA,NA,0,0,qualifying_model,FALSE,FALSE,FALSE,FALSE,0,0,1,3,58,34
171,2026,18,Mexico City Grand Prix,rodriguez,Autódromo Hermanos Rodríguez,ocon,OCO,Esteban Ocon,16,16,NA,1.9922111821427746,NA,NA,NA,NA,NA,NA,NA,NA,0,0,qualifying_model,FALSE,FALSE,FALSE,FALSE,0,0,6,20,295,161
175,2026,18,Mexico City Grand Prix,rodriguez,Autódromo Hermanos Rodríguez,sainz,SAI,Carlos Sainz,17,17,NA,2.0244907642714254,NA,NA,NA,NA,NA,NA,NA,NA,0,0,qualifying_model,FALSE,FALSE,FALSE,FALSE,0,0,7,24,340,182
155,2026,18,Mexico City Grand Prix,rodriguez,Autódromo Hermanos Rodríguez,albon,ALB,Alexander Albon,18,18,NA,3.4032798004969895,NA,NA,NA,NA,NA,NA,NA,NA,0,0,qualifying_model,FALSE,FALSE,FALSE,FALSE,0,0,5,18,254,139
156,2026,18,Mexico City Grand Prix,rodriguez,Autódromo Hermanos Rodríguez,alonso,ALO,Fernando Alonso,19,19,NA,2.495357905792793,NA,NA,NA,NA,NA,NA,NA,NA,0,0,qualifying_model,FALSE,FALSE,FALSE,FALSE,0,0,6,18,263,145
176,2026,18,Mexico City Grand Prix,rodriguez,Autódromo Hermanos Rodríguez,stroll,STR,Lance Stroll,20,20,NA,2.7319471657917673,NA,NA,NA,NA,NA,NA,NA,NA,0,0,qualifying_model,FALSE,FALSE,FALSE,FALSE,0,0,7,24,336,181
172,2026,18,Mexico City Grand Prix,rodriguez,Autódromo Hermanos Rodríguez,perez,PER,Sergio Pérez,21,21,NA,2.872437302079823,NA,NA,NA,NA,NA,NA,NA,NA,0,0,qualifying_model,FALSE,FALSE,FALSE,FALSE,0,0,6,21,293,157
161,2026,18,Mexico City Grand Prix,rodriguez,Autódromo Hermanos Rodríguez,bottas,BOT,Valtteri Bottas,22,22,NA,3.0459540147226076,NA,NA,NA,NA,NA,NA,NA,NA,0,0,qualifying_model,FALSE,FALSE,FALSE,FALSE,0,0,6,21,297,159
196,2026,19,Brazilian Grand Prix,interlagos,Autódromo José Carlos Pace,russell,RUS,George Russell,1,1,NA,0.5080533502854417,NA,NA,NA,NA,NA,NA,NA,NA,0,0,qualifying_model,FALSE,FALSE,FALSE,FALSE,0,0,6,12,382,162
179,2026,19,Brazilian Grand Prix,interlagos,Autódromo José Carlos Pace,antonelli,ANT,Andrea Kimi Antonelli,2,2,NA,0.6368858906736573,NA,NA,NA,NA,NA,NA,NA,NA,0,0,qualifying_model,FALSE,FALSE,FALSE,FALSE,0,0,1,2,75,34
190,2026,19,Brazilian Grand Prix,interlagos,Autódromo José Carlos Pace,leclerc,LEC,Charles Leclerc,3,3,NA,0.7121180337277102,NA,NA,NA,NA,NA,NA,NA,NA,0,0,qualifying_model,FALSE,FALSE,FALSE,FALSE,0,0,7,14,433,183
187,2026,19,Brazilian Grand Prix,interlagos,Autódromo José Carlos Pace,hamilton,HAM,Lewis Hamilton,4,4,NA,0.6501668925231958,NA,NA,NA,NA,NA,NA,NA,NA,0,0,qualifying_model,FALSE,FALSE,FALSE,FALSE,0,0,7,14,430,182
195,2026,19,Brazilian Grand Prix,interlagos,Autódromo José Carlos Pace,piastri,PIA,Oscar Piastri,5,5,NA,0.7903188140851682,NA,NA,NA,NA,NA,NA,NA,NA,0,0,qualifying_model,FALSE,FALSE,FALSE,FALSE,0,0,3,6,180,80
192,2026,19,Brazilian Grand Prix,interlagos,Autódromo José Carlos Pace,norris,NOR,Lando Norris,6,6,NA,0.7822691618470312,NA,NA,NA,NA,NA,NA,NA,NA,0,0,qualifying_model,FALSE,FALSE,FALSE,FALSE,0,0,6,12,382,162
191,2026,19,Brazilian Grand Prix,interlagos,Autódromo José Carlos Pace,max_verstappen,VER,Max Verstappen,7,7,NA,0.7719993858051579,NA,NA,NA,NA,NA,NA,NA,NA,0,0,qualifying_model,FALSE,FALSE,FALSE,FALSE,0,0,7,14,433,183
186,2026,19,Brazilian Grand Prix,interlagos,Autódromo José Carlos Pace,hadjar,HAD,Isack Hadjar,8,8,NA,1.0629703932014578,NA,NA,NA,NA,NA,NA,NA,NA,0,0,qualifying_model,FALSE,FALSE,FALSE,FALSE,0,0,1,2,75,34
189,2026,19,Brazilian Grand Prix,interlagos,Autódromo José Carlos Pace,lawson,LAW,Liam Lawson,9,9,NA,1.3285246907567267,NA,NA,NA,NA,NA,NA,NA,NA,0,0,qualifying_model,FALSE,FALSE,FALSE,FALSE,0,0,2,4,106,45
185,2026,19,Brazilian Grand Prix,interlagos,Autódromo José Carlos Pace,gasly,GAS,Pierre Gasly,10,10,NA,1.2900987839556848,NA,NA,NA,NA,NA,NA,NA,NA,0,0,qualifying_model,FALSE,FALSE,FALSE,FALSE,0,0,7,14,433,183
180,2026,19,Brazilian Grand Prix,interlagos,Autódromo José Carlos Pace,arvid_lindblad,LIN,Arvid Lindblad,11,11,NA,1.3680687195160632,NA,NA,NA,NA,NA,NA,NA,NA,0,0,qualifying_model,FALSE,FALSE,FALSE,FALSE,0,0,NA,NA,20,10
188,2026,19,Brazilian Grand Prix,interlagos,Autódromo José Carlos Pace,hulkenberg,HUL,Nico Hülkenberg,12,12,NA,1.6081594602121765,NA,NA,NA,NA,NA,NA,NA,NA,0,0,qualifying_model,FALSE,FALSE,FALSE,FALSE,0,0,5,10,295,127
181,2026,19,Brazilian Grand Prix,interlagos,Autódromo José Carlos Pace,bearman,BEA,Oliver Bearman,13,13,NA,1.5863279445173477,NA,NA,NA,NA,NA,NA,NA,NA,0,0,qualifying_model,FALSE,FALSE,FALSE,FALSE,0,0,2,3,81,37
184,2026,19,Brazilian Grand Prix,interlagos,Autódromo José Carlos Pace,colapinto,COL,Franco Colapinto,14,14,NA,1.8762025124008035,NA,NA,NA,NA,NA,NA,NA,NA,0,0,qualifying_model,FALSE,FALSE,FALSE,FALSE,0,0,2,4,86,37
182,2026,19,Brazilian Grand Prix,interlagos,Autódromo José Carlos Pace,bortoleto,BOR,Gabriel Bortoleto,15,15,NA,1.7206954758946917,NA,NA,NA,NA,NA,NA,NA,NA,0,0,qualifying_model,FALSE,FALSE,FALSE,FALSE,0,0,1,2,75,34
193,2026,19,Brazilian Grand Prix,interlagos,Autódromo José Carlos Pace,ocon,OCO,Esteban Ocon,16,16,NA,1.7336079434563694,NA,NA,NA,NA,NA,NA,NA,NA,0,0,qualifying_model,FALSE,FALSE,FALSE,FALSE,0,0,6,12,379,161
197,2026,19,Brazilian Grand Prix,interlagos,Autódromo José Carlos Pace,sainz,SAI,Carlos Sainz,17,17,NA,1.7348944812086466,NA,NA,NA,NA,NA,NA,NA,NA,0,0,qualifying_model,FALSE,FALSE,FALSE,FALSE,0,0,7,14,432,182
177,2026,19,Brazilian Grand Prix,interlagos,Autódromo José Carlos Pace,albon,ALB,Alexander Albon,18,18,NA,3.4352607087870553,NA,NA,NA,NA,NA,NA,NA,NA,0,0,qualifying_model,FALSE,FALSE,FALSE,FALSE,0,0,5,10,325,139
178,2026,19,Brazilian Grand Prix,interlagos,Autódromo José Carlos Pace,alonso,ALO,Fernando Alonso,19,19,NA,2.504047186516839,NA,NA,NA,NA,NA,NA,NA,NA,0,0,qualifying_model,FALSE,FALSE,FALSE,FALSE,0,0,6,12,337,145
198,2026,19,Brazilian Grand Prix,interlagos,Autódromo José Carlos Pace,stroll,STR,Lance Stroll,20,20,NA,2.839038787722682,NA,NA,NA,NA,NA,NA,NA,NA,0,0,qualifying_model,FALSE,FALSE,FALSE,FALSE,0,0,7,14,427,181
194,2026,19,Brazilian Grand Prix,interlagos,Autódromo José Carlos Pace,perez,PER,Sergio Pérez,21,21,NA,2.9235484005834103,NA,NA,NA,NA,NA,NA,NA,NA,0,0,qualifying_model,FALSE,FALSE,FALSE,FALSE,0,0,6,12,372,157
183,2026,19,Brazilian Grand Prix,interlagos,Autódromo José Carlos Pace,bottas,BOT,Valtteri Bottas,22,22,NA,3.1638443690931988,NA,NA,NA,NA,NA,NA,NA,NA,0,0,qualifying_model,FALSE,FALSE,FALSE,FALSE,0,0,6,12,378,159
201,2026,20,Las Vegas Grand Prix,vegas,Las Vegas Strip Street Circuit,antonelli,ANT,Andrea Kimi Antonelli,1,1,NA,1.48636687438212,NA,NA,NA,NA,NA,NA,NA,NA,0,0,qualifying_model,FALSE,FALSE,FALSE,FALSE,0,0,1,4,46,34
218,2026,20,Las Vegas Grand Prix,vegas,Las Vegas Strip Street Circuit,russell,RUS,George Russell,2,2,NA,1.3298390860005884,NA,NA,NA,NA,NA,NA,NA,NA,0,0,qualifying_model,FALSE,FALSE,FALSE,FALSE,0,0,3,15,202,162
212,2026,20,Las Vegas Grand Prix,vegas,Las Vegas Strip Street Circuit,leclerc,LEC,Charles Leclerc,3,3,NA,1.7448652479459625,NA,NA,NA,NA,NA,NA,NA,NA,0,0,qualifying_model,FALSE,FALSE,FALSE,FALSE,0,0,3,17,231,183
214,2026,20,Las Vegas Grand Prix,vegas,Las Vegas Strip Street Circuit,norris,NOR,Lando Norris,4,4,NA,1.5330374679197565,NA,NA,NA,NA,NA,NA,NA,NA,0,0,qualifying_model,FALSE,FALSE,FALSE,FALSE,0,0,3,15,202,162
217,2026,20,Las Vegas Grand Prix,vegas,Las Vegas Strip Street Circuit,piastri,PIA,Oscar Piastri,5,5,NA,1.0920707420009985,NA,NA,NA,NA,NA,NA,NA,NA,0,0,qualifying_model,FALSE,FALSE,FALSE,FALSE,0,0,3,10,108,80
209,2026,20,Las Vegas Grand Prix,vegas,Las Vegas Strip Street Circuit,hamilton,HAM,Lewis Hamilton,6,6,NA,1.7913001728576528,NA,NA,NA,NA,NA,NA,NA,NA,0,0,qualifying_model,FALSE,FALSE,FALSE,FALSE,0,0,3,17,230,182
213,2026,20,Las Vegas Grand Prix,vegas,Las Vegas Strip Street Circuit,max_verstappen,VER,Max Verstappen,7,7,NA,1.613917413192389,NA,NA,NA,NA,NA,NA,NA,NA,0,0,qualifying_model,FALSE,FALSE,FALSE,FALSE,0,0,3,17,231,183
208,2026,20,Las Vegas Grand Prix,vegas,Las Vegas Strip Street Circuit,hadjar,HAD,Isack Hadjar,8,8,NA,1.9241581055617618,NA,NA,NA,NA,NA,NA,NA,NA,0,0,qualifying_model,FALSE,FALSE,FALSE,FALSE,0,0,1,4,46,34
211,2026,20,Las Vegas Grand Prix,vegas,Las Vegas Strip Street Circuit,lawson,LAW,Liam Lawson,9,9,NA,1.9251754533825598,NA,NA,NA,NA,NA,NA,NA,NA,0,0,qualifying_model,FALSE,FALSE,FALSE,FALSE,0,0,2,5,59,45
202,2026,20,Las Vegas Grand Prix,vegas,Las Vegas Strip Street Circuit,arvid_lindblad,LIN,Arvid Lindblad,10,10,NA,2.3891024482493286,NA,NA,NA,NA,NA,NA,NA,NA,0,0,qualifying_model,FALSE,FALSE,FALSE,FALSE,0,0,NA,1,14,10
207,2026,20,Las Vegas Grand Prix,vegas,Las Vegas Strip Street Circuit,gasly,GAS,Pierre Gasly,11,11,NA,2.213900754572801,NA,NA,NA,NA,NA,NA,NA,NA,0,0,qualifying_model,FALSE,FALSE,FALSE,FALSE,0,0,3,17,231,183
210,2026,20,Las Vegas Grand Prix,vegas,Las Vegas Strip Street Circuit,hulkenberg,HUL,Nico Hülkenberg,12,12,NA,2.1547977299481835,NA,NA,NA,NA,NA,NA,NA,NA,0,0,qualifying_model,FALSE,FALSE,FALSE,FALSE,0,0,3,14,171,127
203,2026,20,Las Vegas Grand Prix,vegas,Las Vegas Strip Street Circuit,bearman,BEA,Oliver Bearman,13,13,NA,2.4704119086724474,NA,NA,NA,NA,NA,NA,NA,NA,0,0,qualifying_model,FALSE,FALSE,FALSE,FALSE,0,0,1,5,52,37
206,2026,20,Las Vegas Grand Prix,vegas,Las Vegas Strip Street Circuit,colapinto,COL,Franco Colapinto,14,14,NA,2.486215205152268,NA,NA,NA,NA,NA,NA,NA,NA,0,0,qualifying_model,FALSE,FALSE,FALSE,FALSE,0,0,2,6,52,37
215,2026,20,Las Vegas Grand Prix,vegas,Las Vegas Strip Street Circuit,ocon,OCO,Esteban Ocon,15,15,NA,2.500257709200171,NA,NA,NA,NA,NA,NA,NA,NA,0,0,qualifying_model,FALSE,FALSE,FALSE,FALSE,0,0,3,15,201,161
219,2026,20,Las Vegas Grand Prix,vegas,Las Vegas Strip Street Circuit,sainz,SAI,Carlos Sainz,16,16,NA,2.437418483722574,NA,NA,NA,NA,NA,NA,NA,NA,0,0,qualifying_model,FALSE,FALSE,FALSE,FALSE,0,0,3,17,229,182
204,2026,20,Las Vegas Grand Prix,vegas,Las Vegas Strip Street Circuit,bortoleto,BOR,Gabriel Bortoleto,17,17,NA,2.711797919096827,NA,NA,NA,NA,NA,NA,NA,NA,0,0,qualifying_model,FALSE,FALSE,FALSE,FALSE,0,0,1,4,46,34
199,2026,20,Las Vegas Grand Prix,vegas,Las Vegas Strip Street Circuit,albon,ALB,Alexander Albon,18,18,NA,3.8351810625970453,NA,NA,NA,NA,NA,NA,NA,NA,0,0,qualifying_model,FALSE,FALSE,FALSE,FALSE,0,0,3,14,177,139
200,2026,20,Las Vegas Grand Prix,vegas,Las Vegas Strip Street Circuit,alonso,ALO,Fernando Alonso,19,19,NA,3.0450946127781173,NA,NA,NA,NA,NA,NA,NA,NA,0,0,qualifying_model,FALSE,FALSE,FALSE,FALSE,0,0,3,15,187,145
220,2026,20,Las Vegas Grand Prix,vegas,Las Vegas Strip Street Circuit,stroll,STR,Lance Stroll,20,20,NA,3.3194985225776383,NA,NA,NA,NA,NA,NA,NA,NA,0,0,qualifying_model,FALSE,FALSE,FALSE,FALSE,0,0,3,17,231,181
216,2026,20,Las Vegas Grand Prix,vegas,Las Vegas Strip Street Circuit,perez,PER,Sergio Pérez,21,21,NA,3.664991516150014,NA,NA,NA,NA,NA,NA,NA,NA,0,0,qualifying_model,FALSE,FALSE,FALSE,FALSE,0,0,2,14,197,157
205,2026,20,Las Vegas Grand Prix,vegas,Las Vegas Strip Street Circuit,bottas,BOT,Valtteri Bottas,22,22,NA,3.4379118919514817,NA,NA,NA,NA,NA,NA,NA,NA,0,0,qualifying_model,FALSE,FALSE,FALSE,FALSE,0,0,2,14,199,159
240,2026,21,Qatar Grand Prix,losail,Losail International Circuit,russell,RUS,George Russell,1,1,NA,0.6923362470050329,NA,NA,NA,NA,NA,NA,NA,NA,0,0,qualifying_model,FALSE,FALSE,FALSE,FALSE,0,0,4,25,372,162
223,2026,21,Qatar Grand Prix,losail,Losail International Circuit,antonelli,ANT,Andrea Kimi Antonelli,2,2,NA,0.8278857424493739,NA,NA,NA,NA,NA,NA,NA,NA,0,0,qualifying_model,FALSE,FALSE,FALSE,FALSE,0,0,1,5,75,34
234,2026,21,Qatar Grand Prix,losail,Losail International Circuit,leclerc,LEC,Charles Leclerc,3,3,NA,0.8510279406846233,NA,NA,NA,NA,NA,NA,NA,NA,0,0,qualifying_model,FALSE,FALSE,FALSE,FALSE,0,0,4,28,420,183
239,2026,21,Qatar Grand Prix,losail,Losail International Circuit,piastri,PIA,Oscar Piastri,4,4,NA,0.9190849309411107,NA,NA,NA,NA,NA,NA,NA,NA,0,0,qualifying_model,FALSE,FALSE,FALSE,FALSE,0,0,3,11,176,80
231,2026,21,Qatar Grand Prix,losail,Losail International Circuit,hamilton,HAM,Lewis Hamilton,5,5,NA,0.8845429592552213,NA,NA,NA,NA,NA,NA,NA,NA,0,0,qualifying_model,FALSE,FALSE,FALSE,FALSE,0,0,4,28,418,182
236,2026,21,Qatar Grand Prix,losail,Losail International Circuit,norris,NOR,Lando Norris,6,6,NA,0.9654395971906489,NA,NA,NA,NA,NA,NA,NA,NA,0,0,qualifying_model,FALSE,FALSE,FALSE,FALSE,0,0,4,25,372,162
235,2026,21,Qatar Grand Prix,losail,Losail International Circuit,max_verstappen,VER,Max Verstappen,7,7,NA,1.0525197679374487,NA,NA,NA,NA,NA,NA,NA,NA,0,0,qualifying_model,FALSE,FALSE,FALSE,FALSE,0,0,4,28,420,183
230,2026,21,Qatar Grand Prix,losail,Losail International Circuit,hadjar,HAD,Isack Hadjar,8,8,NA,1.2429552516152074,NA,NA,NA,NA,NA,NA,NA,NA,0,0,qualifying_model,FALSE,FALSE,FALSE,FALSE,0,0,1,5,75,34
233,2026,21,Qatar Grand Prix,losail,Losail International Circuit,lawson,LAW,Liam Lawson,9,9,NA,1.5148696555772938,NA,NA,NA,NA,NA,NA,NA,NA,0,0,qualifying_model,FALSE,FALSE,FALSE,FALSE,0,0,3,7,103,45
229,2026,21,Qatar Grand Prix,losail,Losail International Circuit,gasly,GAS,Pierre Gasly,10,10,NA,1.5136226923250704,NA,NA,NA,NA,NA,NA,NA,NA,0,0,qualifying_model,FALSE,FALSE,FALSE,FALSE,0,0,4,28,420,183
224,2026,21,Qatar Grand Prix,losail,Losail International Circuit,arvid_lindblad,LIN,Arvid Lindblad,11,11,NA,1.7098459845153662,NA,NA,NA,NA,NA,NA,NA,NA,0,0,qualifying_model,FALSE,FALSE,FALSE,FALSE,0,0,NA,2,22,10
225,2026,21,Qatar Grand Prix,losail,Losail International Circuit,bearman,BEA,Oliver Bearman,12,12,NA,1.8428522300140349,NA,NA,NA,NA,NA,NA,NA,NA,0,0,qualifying_model,FALSE,FALSE,FALSE,FALSE,0,0,1,5,81,37
232,2026,21,Qatar Grand Prix,losail,Losail International Circuit,hulkenberg,HUL,Nico Hülkenberg,13,13,NA,1.6651700505449998,NA,NA,NA,NA,NA,NA,NA,NA,0,0,qualifying_model,FALSE,FALSE,FALSE,FALSE,0,0,3,19,287,127
226,2026,21,Qatar Grand Prix,losail,Losail International Circuit,bortoleto,BOR,Gabriel Bortoleto,14,14,NA,2.0343646028122953,NA,NA,NA,NA,NA,NA,NA,NA,0,0,qualifying_model,FALSE,FALSE,FALSE,FALSE,0,0,1,5,75,34
228,2026,21,Qatar Grand Prix,losail,Losail International Circuit,colapinto,COL,Franco Colapinto,15,15,NA,2.2410321849778594,NA,NA,NA,NA,NA,NA,NA,NA,0,0,qualifying_model,FALSE,FALSE,FALSE,FALSE,0,0,2,6,82,37
237,2026,21,Qatar Grand Prix,losail,Losail International Circuit,ocon,OCO,Esteban Ocon,16,16,NA,1.8561489518822092,NA,NA,NA,NA,NA,NA,NA,NA,0,0,qualifying_model,FALSE,FALSE,FALSE,FALSE,0,0,4,25,370,161
241,2026,21,Qatar Grand Prix,losail,Losail International Circuit,sainz,SAI,Carlos Sainz,17,17,NA,1.999316422250569,NA,NA,NA,NA,NA,NA,NA,NA,0,0,qualifying_model,FALSE,FALSE,FALSE,FALSE,0,0,4,28,418,182
221,2026,21,Qatar Grand Prix,losail,Losail International Circuit,albon,ALB,Alexander Albon,18,18,NA,3.354448111782533,NA,NA,NA,NA,NA,NA,NA,NA,0,0,qualifying_model,FALSE,FALSE,FALSE,FALSE,0,0,3,21,316,139
222,2026,21,Qatar Grand Prix,losail,Losail International Circuit,alonso,ALO,Fernando Alonso,19,19,NA,2.5208562016159024,NA,NA,NA,NA,NA,NA,NA,NA,0,0,qualifying_model,FALSE,FALSE,FALSE,FALSE,0,0,4,21,327,145
238,2026,21,Qatar Grand Prix,losail,Losail International Circuit,perez,PER,Sergio Pérez,20,20,NA,2.784301644750435,NA,NA,NA,NA,NA,NA,NA,NA,0,0,qualifying_model,FALSE,FALSE,FALSE,FALSE,0,0,3,23,359,157
227,2026,21,Qatar Grand Prix,losail,Losail International Circuit,bottas,BOT,Valtteri Bottas,21,21,NA,2.99713183326815,NA,NA,NA,NA,NA,NA,NA,NA,0,0,qualifying_model,FALSE,FALSE,FALSE,FALSE,0,0,3,25,367,159
242,2026,21,Qatar Grand Prix,losail,Losail International Circuit,stroll,STR,Lance Stroll,22,22,NA,2.7391633388590755,NA,NA,NA,NA,NA,NA,NA,NA,0,0,qualifying_model,FALSE,FALSE,FALSE,FALSE,0,0,4,28,414,181
262,2026,22,Abu Dhabi Grand Prix,yas_marina,Yas Marina Circuit,russell,RUS,George Russell,1,1,NA,0.6314148211994141,NA,NA,NA,NA,NA,NA,NA,NA,0,0,qualifying_model,FALSE,FALSE,FALSE,FALSE,0,0,7,21,298,162
245,2026,22,Abu Dhabi Grand Prix,yas_marina,Yas Marina Circuit,antonelli,ANT,Andrea Kimi Antonelli,2,2,NA,0.7606765448323349,NA,NA,NA,NA,NA,NA,NA,NA,0,0,qualifying_model,FALSE,FALSE,FALSE,FALSE,0,0,1,3,58,34
256,2026,22,Abu Dhabi Grand Prix,yas_marina,Yas Marina Circuit,leclerc,LEC,Charles Leclerc,3,3,NA,0.8365373281407262,NA,NA,NA,NA,NA,NA,NA,NA,0,0,qualifying_model,FALSE,FALSE,FALSE,FALSE,0,0,8,24,340,183
253,2026,22,Abu Dhabi Grand Prix,yas_marina,Yas Marina Circuit,hamilton,HAM,Lewis Hamilton,4,4,NA,0.7705529989110552,NA,NA,NA,NA,NA,NA,NA,NA,0,0,qualifying_model,FALSE,FALSE,FALSE,FALSE,0,0,8,23,337,182
261,2026,22,Abu Dhabi Grand Prix,yas_marina,Yas Marina Circuit,piastri,PIA,Oscar Piastri,5,5,NA,0.9190856911563162,NA,NA,NA,NA,NA,NA,NA,NA,0,0,qualifying_model,FALSE,FALSE,FALSE,FALSE,0,0,3,9,140,80
258,2026,22,Abu Dhabi Grand Prix,yas_marina,Yas Marina Circuit,norris,NOR,Lando Norris,6,6,NA,0.9110360389181791,NA,NA,NA,NA,NA,NA,NA,NA,0,0,qualifying_model,FALSE,FALSE,FALSE,FALSE,0,0,7,21,298,162
257,2026,22,Abu Dhabi Grand Prix,yas_marina,Yas Marina Circuit,max_verstappen,VER,Max Verstappen,7,7,NA,0.9083430265062191,NA,NA,NA,NA,NA,NA,NA,NA,0,0,qualifying_model,FALSE,FALSE,FALSE,FALSE,0,0,8,24,340,183
252,2026,22,Abu Dhabi Grand Prix,yas_marina,Yas Marina Circuit,hadjar,HAD,Isack Hadjar,8,8,NA,1.2056054134337437,NA,NA,NA,NA,NA,NA,NA,NA,0,0,qualifying_model,FALSE,FALSE,FALSE,FALSE,0,0,1,3,58,34
255,2026,22,Abu Dhabi Grand Prix,yas_marina,Yas Marina Circuit,lawson,LAW,Liam Lawson,9,9,NA,1.4862081552601,NA,NA,NA,NA,NA,NA,NA,NA,0,0,qualifying_model,FALSE,FALSE,FALSE,FALSE,0,0,2,5,83,45
251,2026,22,Abu Dhabi Grand Prix,yas_marina,Yas Marina Circuit,gasly,GAS,Pierre Gasly,10,10,NA,1.483972440363762,NA,NA,NA,NA,NA,NA,NA,NA,0,0,qualifying_model,FALSE,FALSE,FALSE,FALSE,0,0,8,24,340,183
246,2026,22,Abu Dhabi Grand Prix,yas_marina,Yas Marina Circuit,arvid_lindblad,LIN,Arvid Lindblad,11,11,NA,1.5434285374740264,NA,NA,NA,NA,NA,NA,NA,NA,0,0,qualifying_model,FALSE,FALSE,FALSE,FALSE,0,0,NA,NA,15,10
254,2026,22,Abu Dhabi Grand Prix,yas_marina,Yas Marina Circuit,hulkenberg,HUL,Nico Hülkenberg,12,12,NA,1.6461102070425662,NA,NA,NA,NA,NA,NA,NA,NA,0,0,qualifying_model,FALSE,FALSE,FALSE,FALSE,0,0,5,16,233,127
247,2026,22,Abu Dhabi Grand Prix,yas_marina,Yas Marina Circuit,bearman,BEA,Oliver Bearman,13,13,NA,1.7901055285695189,NA,NA,NA,NA,NA,NA,NA,NA,0,0,qualifying_model,FALSE,FALSE,FALSE,FALSE,0,0,1,3,62,37
250,2026,22,Abu Dhabi Grand Prix,yas_marina,Yas Marina Circuit,colapinto,COL,Franco Colapinto,14,14,NA,2.0431590092515384,NA,NA,NA,NA,NA,NA,NA,NA,0,0,qualifying_model,FALSE,FALSE,FALSE,FALSE,0,0,2,4,69,37
248,2026,22,Abu Dhabi Grand Prix,yas_marina,Yas Marina Circuit,bortoleto,BOR,Gabriel Bortoleto,15,15,NA,1.931368602091638,NA,NA,NA,NA,NA,NA,NA,NA,0,0,qualifying_model,FALSE,FALSE,FALSE,FALSE,0,0,1,3,58,34
259,2026,22,Abu Dhabi Grand Prix,yas_marina,Yas Marina Circuit,ocon,OCO,Esteban Ocon,16,16,NA,1.9123076679478914,NA,NA,NA,NA,NA,NA,NA,NA,0,0,qualifying_model,FALSE,FALSE,FALSE,FALSE,0,0,6,20,295,161
263,2026,22,Abu Dhabi Grand Prix,yas_marina,Yas Marina Circuit,sainz,SAI,Carlos Sainz,17,17,NA,1.9424928819366396,NA,NA,NA,NA,NA,NA,NA,NA,0,0,qualifying_model,FALSE,FALSE,FALSE,FALSE,0,0,8,24,340,182
243,2026,22,Abu Dhabi Grand Prix,yas_marina,Yas Marina Circuit,albon,ALB,Alexander Albon,18,18,NA,3.3153506996970346,NA,NA,NA,NA,NA,NA,NA,NA,0,0,qualifying_model,FALSE,FALSE,FALSE,FALSE,0,0,6,18,254,139
244,2026,22,Abu Dhabi Grand Prix,yas_marina,Yas Marina Circuit,alonso,ALO,Fernando Alonso,19,19,NA,2.3914318720094396,NA,NA,NA,NA,NA,NA,NA,NA,0,0,qualifying_model,FALSE,FALSE,FALSE,FALSE,0,0,6,18,263,145
264,2026,22,Abu Dhabi Grand Prix,yas_marina,Yas Marina Circuit,stroll,STR,Lance Stroll,20,20,NA,2.629561196820121,NA,NA,NA,NA,NA,NA,NA,NA,0,0,qualifying_model,FALSE,FALSE,FALSE,FALSE,0,0,8,24,336,181
260,2026,22,Abu Dhabi Grand Prix,yas_marina,Yas Marina Circuit,perez,PER,Sergio Pérez,21,21,NA,2.7798866558061337,NA,NA,NA,NA,NA,NA,NA,NA,0,0,qualifying_model,FALSE,FALSE,FALSE,FALSE,0,0,7,21,293,157
249,2026,22,Abu Dhabi Grand Prix,yas_marina,Yas Marina Circuit,bottas,BOT,Valtteri Bottas,22,22,NA,2.957998012359644,NA,NA,NA,NA,NA,NA,NA,NA,0,0,qualifying_model,FALSE,FALSE,FALSE,FALSE,0,0,7,21,297,159
